{
  "routes": [
    {
      "method": "GET",
      "path": "/cds",
      "handler": "Cd.find",
      "config": {
        "policies": []
      }
    },
    {
      "method": "GET",
      "path": "/cds/count",
      "handler": "Cd.count",
      "config": {
        "policies": []
      }
    },
    {
      "method": "GET",
      "path": "/cds/:id",
      "handler": "Cd.findOne",
      "config": {
        "policies": []
      }
    },
    {
      "method": "POST",
      "path": "/cds",
      "handler": "Cd.create",
      "config": {
        "policies": []
      }
    },
    {
      "method": "PUT",
      "path": "/cds/:id",
      "handler": "Cd.update",
      "config": {
        "policies": []
      }
    },
    {
      "method": "DELETE",
      "path": "/cds/:id",
      "handler": "Cd.delete",
      "config": {
        "policies": []
      }
    }
  ]
}
