{
  "routes": [
    {
      "method": "GET",
      "path": "/apis",
      "handler": "Api.find",
      "config": {
        "policies": []
      }
    },
    {
      "method": "GET",
      "path": "/apis/count",
      "handler": "Api.count",
      "config": {
        "policies": []
      }
    },
    {
      "method": "GET",
      "path": "/apis/:id",
      "handler": "Api.findOne",
      "config": {
        "policies": []
      }
    },
    {
      "method": "POST",
      "path": "/apis",
      "handler": "Api.create",
      "config": {
        "policies": []
      }
    },
    {
      "method": "PUT",
      "path": "/apis/:id",
      "handler": "Api.update",
      "config": {
        "policies": []
      }
    },
    {
      "method": "DELETE",
      "path": "/apis/:id",
      "handler": "Api.delete",
      "config": {
        "policies": []
      }
    }
  ]
}
